filename,width,height,class,xmin,ymin,xmax,ymax
0.jpg,800,600,date,101,117,240,286
0.jpg,800,600,date,322,321,463,422
0.jpg,800,600,date,430,415,586,527
0.jpg,800,600,date,599,396,712,558
0.jpg,800,600,date,566,261,703,394
0.jpg,800,600,hazelnut,245,243,316,314
0.jpg,800,600,hazelnut,513,218,595,304
0.jpg,800,600,hazelnut,87,313,171,406
0.jpg,800,600,fig,368,127,541,232
0.jpg,800,600,fig,563,169,699,250
0.jpg,800,600,fig,208,274,313,430
0.jpg,800,600,fig,376,223,510,328
1.jpg,800,600,fig,390,61,513,196
1.jpg,800,600,hazelnut,266,17,352,98
1.jpg,800,600,hazelnut,623,97,706,198
1.jpg,800,600,hazelnut,40,124,114,214
1.jpg,800,600,date,449,197,652,327
1.jpg,800,600,date,603,311,776,507
1.jpg,800,600,date,267,269,443,460
1.jpg,800,600,date,350,409,523,562
1.jpg,800,600,date,99,340,252,517
11.jpg,800,600,date,564,208,708,382
11.jpg,800,600,date,499,352,609,526
11.jpg,800,600,date,363,379,499,518
11.jpg,800,600,date,129,358,287,497
11.jpg,800,600,date,209,440,332,600
11.jpg,800,600,fig,484,88,623,175
11.jpg,800,600,fig,232,3,354,118
11.jpg,800,600,fig,294,234,388,364
11.jpg,800,600,fig,405,230,519,364
11.jpg,800,600,hazelnut,185,92,249,166
11.jpg,800,600,hazelnut,237,137,323,223
11.jpg,800,600,hazelnut,123,301,218,388
12.jpg,800,600,date,125,205,243,375
12.jpg,800,600,date,230,223,355,387
12.jpg,800,600,date,386,254,538,391
12.jpg,800,600,date,417,446,524,587
12.jpg,800,600,date,220,452,382,577
12.jpg,800,600,fig,387,96,530,212
12.jpg,800,600,fig,640,116,729,211
12.jpg,800,600,fig,274,114,358,238
12.jpg,800,600,fig,526,268,625,390
12.jpg,800,600,hazelnut,264,59,343,137
12.jpg,800,600,hazelnut,493,62,561,132
12.jpg,800,600,hazelnut,155,102,229,173
12.jpg,800,600,hazelnut,51,378,149,460
13.jpg,800,600,date,248,30,431,170
13.jpg,800,600,date,398,175,587,298
13.jpg,800,600,date,40,128,238,246
13.jpg,800,600,fig,538,441,653,532
13.jpg,800,600,hazelnut,532,103,623,174
13.jpg,800,600,hazelnut,471,315,549,372
13.jpg,800,600,hazelnut,583,365,675,438
13.jpg,800,600,hazelnut,163,258,269,330
14.jpg,800,600,date,317,124,426,274
14.jpg,800,600,date,455,136,568,307
14.jpg,800,600,date,585,92,700,255
14.jpg,800,600,date,520,337,636,474
14.jpg,800,600,date,182,382,308,499
14.jpg,800,600,fig,119,81,285,179
14.jpg,800,600,fig,113,324,220,408
14.jpg,800,600,fig,390,309,465,418
14.jpg,800,600,hazelnut,90,99,164,164
14.jpg,800,600,hazelnut,85,242,149,316
14.jpg,800,600,hazelnut,333,326,391,391
14.jpg,800,600,hazelnut,592,294,684,358
16.jpg,800,600,date,145,198,259,377
16.jpg,800,600,date,490,215,611,361
17.jpg,800,600,fig,332,6,431,160
17.jpg,800,600,fig,269,341,415,501
17.jpg,800,600,fig,157,420,276,573
17.jpg,800,600,fig,1,366,194,502
17.jpg,800,600,hazelnut,177,194,296,286
17.jpg,800,600,hazelnut,538,51,633,138
17.jpg,800,600,hazelnut,506,244,582,334
17.jpg,800,600,hazelnut,428,286,524,394
17.jpg,800,600,hazelnut,657,376,750,473
17.jpg,800,600,hazelnut,454,486,554,567
2.jpg,800,600,date,234,73,447,209
2.jpg,800,600,date,523,172,729,300
2.jpg,800,600,date,20,41,209,166
2.jpg,800,600,date,257,318,388,497
2.jpg,800,600,date,453,328,656,480
2.jpg,800,600,fig,335,224,494,324
2.jpg,800,600,hazelnut,493,51,589,132
2.jpg,800,600,hazelnut,413,499,502,582
3.jpg,800,600,date,126,53,315,181
3.jpg,800,600,date,286,61,418,250
3.jpg,800,600,date,455,47,676,187
3.jpg,800,600,date,206,237,356,412
3.jpg,800,600,date,54,322,217,444
3.jpg,800,600,fig,28,103,158,276
3.jpg,800,600,fig,569,215,716,427
3.jpg,800,600,fig,329,385,461,548
3.jpg,800,600,fig,213,383,333,493
3.jpg,800,600,hazelnut,474,196,580,286
3.jpg,800,600,hazelnut,405,315,507,405
3.jpg,800,600,hazelnut,218,177,292,262
4.jpg,800,600,date,195,66,358,219
4.jpg,800,600,date,471,246,671,373
4.jpg,800,600,date,38,430,200,535
4.jpg,800,600,fig,56,52,205,173
4.jpg,800,600,fig,468,27,679,158
4.jpg,800,600,fig,67,299,199,384
4.jpg,800,600,hazelnut,286,237,368,339
4.jpg,800,600,hazelnut,355,368,439,435
5.jpg,800,600,date,106,91,256,229
5.jpg,800,600,date,315,192,446,332
5.jpg,800,600,date,446,335,608,465
5.jpg,800,600,date,259,340,431,449
5.jpg,800,600,date,332,437,505,542
5.jpg,800,600,date,12,322,170,424
5.jpg,800,600,fig,607,255,709,361
5.jpg,800,600,fig,245,440,352,535
5.jpg,800,600,hazelnut,461,194,552,273
5.jpg,800,600,hazelnut,549,70,618,134
5.jpg,800,600,hazelnut,638,79,736,143
5.jpg,800,600,hazelnut,187,378,256,434
6.jpg,800,600,date,286,248,503,424
6.jpg,800,600,date,28,292,243,434
6.jpg,800,600,fig,497,240,643,455
6.jpg,800,600,hazelnut,339,116,409,212
6.jpg,800,600,hazelnut,115,141,226,248
6.jpg,800,600,hazelnut,587,332,706,420
7.jpg,800,600,date,174,48,300,218
7.jpg,800,600,date,452,299,618,453
7.jpg,800,600,date,56,373,210,476
7.jpg,800,600,fig,18,20,159,154
7.jpg,800,600,fig,494,236,689,364
7.jpg,800,600,fig,99,257,231,340
7.jpg,800,600,hazelnut,208,261,281,325
7.jpg,800,600,hazelnut,158,325,245,404
8.jpg,800,600,date,407,161,529,291
8.jpg,800,600,date,491,218,649,346
8.jpg,800,600,date,657,244,790,369
8.jpg,800,600,date,49,267,210,373
8.jpg,800,600,date,233,264,403,358
8.jpg,800,600,date,251,407,372,559
8.jpg,800,600,fig,245,92,326,216
8.jpg,800,600,hazelnut,400,320,476,394
8.jpg,800,600,hazelnut,379,487,459,545
9.jpg,800,600,date,212,53,401,179
9.jpg,800,600,date,331,199,450,368
9.jpg,800,600,date,472,218,611,413
9.jpg,800,600,date,477,441,684,567
9.jpg,800,600,date,316,370,472,553
9.jpg,800,600,date,222,336,363,478
9.jpg,800,600,date,130,235,263,389
9.jpg,800,600,hazelnut,407,35,494,107
9.jpg,800,600,hazelnut,602,352,677,450
9.jpg,800,600,hazelnut,131,441,231,524
9.jpg,800,600,hazelnut,72,305,145,381
frame3936.jpg,1280,720,Ball,528,95,1175,549
frame3940.jpg,1280,720,Ball,583,127,728,281
frame3944.jpg,1280,720,Ball,625,107,764,263
frame3948.jpg,1280,720,Ball,626,145,773,281
frame3952.jpg,1280,720,Ball,649,164,796,320
frame3956.jpg,1280,720,Ball,644,171,807,320
frame396.jpg,1280,720,Ball,387,226,511,353
frame3960.jpg,1280,720,Ball,642,184,782,344
frame3964.jpg,1280,720,Ball,648,178,788,326
frame3968.jpg,1280,720,Ball,637,169,787,319
frame3972.jpg,1280,720,Ball,632,170,780,312
frame3976.jpg,1280,720,Ball,615,159,782,322
frame3980.jpg,1280,720,Ball,611,169,777,324
frame3984.jpg,1280,720,Ball,619,185,778,344
frame3988.jpg,1280,720,Ball,618,219,773,362
frame3992.jpg,1280,720,Ball,617,269,762,421
frame3996.jpg,1280,720,Ball,615,278,762,434
frame4.jpg,1280,720,Ball,255,109,325,179
frame4.jpg,1280,720,Ball,930,276,965,306
frame40.jpg,1280,720,Ball,248,109,342,178
frame40.jpg,1280,720,Ball,933,273,981,308
frame400.jpg,1280,720,Ball,385,228,536,375
frame4000.jpg,1280,720,Ball,606,283,763,434
frame4004.jpg,1280,720,Ball,612,287,776,436
frame4008.jpg,1280,720,Ball,609,286,777,436
frame4012.jpg,1280,720,Ball,606,280,772,433
frame4016.jpg,1280,720,Ball,615,271,766,439
frame4020.jpg,1280,720,Ball,615,269,778,426
frame4024.jpg,1280,720,Ball,618,268,772,435
frame4028.jpg,1280,720,Ball,625,264,786,422
frame4032.jpg,1280,720,Ball,612,255,790,414
frame4036.jpg,1280,720,Ball,620,256,772,406
frame404.jpg,1280,720,Ball,406,242,540,379
frame4040.jpg,1280,720,Ball,625,251,781,399
frame4044.jpg,1280,720,Ball,620,250,780,398
frame4048.jpg,1280,720,Ball,630,250,779,401
frame4052.jpg,1280,720,Ball,620,245,783,399
frame4056.jpg,1280,720,Ball,625,244,782,401
frame4060.jpg,1280,720,Ball,623,241,781,394
frame4064.jpg,1280,720,Ball,622,234,782,404
frame4068.jpg,1280,720,Ball,626,239,772,386
frame4072.jpg,1280,720,Ball,621,231,774,386
frame4076.jpg,1280,720,Ball,610,227,782,384
frame408.jpg,1280,720,Ball,415,250,559,384
frame4080.jpg,1280,720,Ball,606,224,762,372
frame4084.jpg,1280,720,Ball,594,220,759,374
frame4088.jpg,1280,720,Ball,592,218,748,378
frame4092.jpg,1280,720,Ball,579,215,732,365
frame4096.jpg,1280,720,Ball,572,215,725,378
frame4100.jpg,1280,720,Ball,554,207,696,349
frame4104.jpg,1280,720,Ball,529,202,677,355
frame4108.jpg,1280,720,Ball,498,198,649,342
frame4112.jpg,1280,720,Ball,463,191,625,344
frame4116.jpg,1280,720,Ball,439,186,587,338
frame412.jpg,1280,720,Ball,419,245,555,395
frame4120.jpg,1280,720,Ball,401,179,556,337
frame4124.jpg,1280,720,Ball,372,178,526,331
frame4128.jpg,1280,720,Ball,339,179,506,333
frame4132.jpg,1280,720,Ball,315,178,470,329
frame4136.jpg,1280,720,Ball,287,174,443,331
frame4140.jpg,1280,720,Ball,248,171,416,333
frame4144.jpg,1280,720,Ball,215,169,382,326
frame4144.jpg,1280,720,Ball,1239,157,1280,318
frame4148.jpg,1280,720,Ball,187,165,361,330
frame4148.jpg,1280,720,Ball,1203,121,1280,331
frame4152.jpg,1280,720,Ball,154,166,325,322
frame4152.jpg,1280,720,Ball,1168,100,1280,335
frame4156.jpg,1280,720,Ball,113,158,299,319
frame4156.jpg,1280,720,Ball,1140,102,1280,335
frame416.jpg,1280,720,Ball,416,236,572,396
frame4160.jpg,1280,720,Ball,101,158,277,323
frame4160.jpg,1280,720,Ball,1107,105,1280,335
frame4164.jpg,1280,720,Ball,67,157,256,318
frame4164.jpg,1280,720,Ball,1082,103,1280,332
frame4168.jpg,1280,720,Ball,48,154,238,319
frame4168.jpg,1280,720,Ball,1053,109,1280,332
frame4172.jpg,1280,720,Ball,17,154,211,319
frame4172.jpg,1280,720,Ball,1015,110,1269,336
frame4176.jpg,1280,720,Ball,1,150,179,325
frame4176.jpg,1280,720,Ball,992,108,1242,352
frame4180.jpg,1280,720,Ball,1,152,147,316
frame4180.jpg,1280,720,Ball,950,104,1196,334
frame4184.jpg,1280,720,Ball,1,157,104,320
frame4184.jpg,1280,720,Ball,921,120,1180,352
frame4188.jpg,1280,720,Ball,1,168,65,326
frame4188.jpg,1280,720,Ball,894,128,1120,345
frame4192.jpg,1280,720,Ball,839,132,1084,364
frame4192.jpg,1280,720,Ball,1,200,30,291
frame4196.jpg,1280,720,Ball,794,134,1042,361
frame420.jpg,1280,720,Ball,411,233,568,391
frame4200.jpg,1280,720,Ball,773,139,989,354
frame4204.jpg,1280,720,Ball,734,145,949,354
frame4208.jpg,1280,720,Ball,712,144,928,349
frame4212.jpg,1280,720,Ball,692,145,899,350
frame4216.jpg,1280,720,Ball,673,140,895,355
frame4220.jpg,1280,720,Ball,666,140,884,359
frame4224.jpg,1280,720,Ball,662,141,881,353
frame4228.jpg,1280,720,Ball,657,145,883,357
frame4232.jpg,1280,720,Ball,654,139,870,367
frame4236.jpg,1280,720,Ball,650,149,872,367
frame424.jpg,1280,720,Ball,394,217,577,378
frame4240.jpg,1280,720,Ball,652,149,887,355
frame4244.jpg,1280,720,Ball,654,147,878,368
frame4248.jpg,1280,720,Ball,646,126,891,355
frame4252.jpg,1280,720,Ball,673,135,898,359
frame4256.jpg,1280,720,Ball,692,144,924,360
frame4260.jpg,1280,720,Ball,721,143,968,370
frame4264.jpg,1280,720,Ball,742,136,994,368
frame4268.jpg,1280,720,Ball,799,120,1046,364
frame4272.jpg,1280,720,Ball,832,151,1072,384
frame4276.jpg,1280,720,Ball,1,184,73,351
frame4276.jpg,1280,720,Ball,870,150,1114,362
frame428.jpg,1280,720,Ball,404,206,572,375
frame4280.jpg,1280,720,Ball,1,179,118,343
frame4280.jpg,1280,720,Ball,925,146,1149,361
frame4284.jpg,1280,720,Ball,1,186,152,340
frame4284.jpg,1280,720,Ball,968,145,1189,357
frame4288.jpg,1280,720,Ball,8,181,191,351
frame4288.jpg,1280,720,Ball,994,140,1235,359
frame4292.jpg,1280,720,Ball,58,183,221,343
frame4292.jpg,1280,720,Ball,1032,132,1278,369
frame4296.jpg,1280,720,Ball,99,186,264,343
frame4296.jpg,1280,720,Ball,1068,139,1279,354
frame4300.jpg,1280,720,Ball,141,184,318,352
frame4300.jpg,1280,720,Ball,1119,127,1280,361
frame4304.jpg,1280,720,Ball,184,172,366,336
frame4308.jpg,1280,720,Ball,251,187,406,341
frame4312.jpg,1280,720,Ball,308,184,459,338
frame4316.jpg,1280,720,Ball,1,9,258,164
frame4316.jpg,1280,720,Ball,354,176,506,333
frame432.jpg,1280,720,Ball,376,198,565,387
frame4320.jpg,1280,720,Ball,3,45,258,389
frame4320.jpg,1280,720,Ball,418,187,561,348
frame4324.jpg,1280,720,Ball,4,57,277,311
frame4324.jpg,1280,720,Ball,460,191,608,340
frame4328.jpg,1280,720,Ball,14,1,295,223
frame4328.jpg,1280,720,Ball,515,185,647,340
frame4332.jpg,1280,720,Ball,25,2,304,165
frame4332.jpg,1280,720,Ball,547,185,700,329
frame4336.jpg,1280,720,Ball,54,1,315,107
frame4336.jpg,1280,720,Ball,592,180,744,339
frame4340.jpg,1280,720,Ball,620,182,777,324
frame4340.jpg,1280,720,Ball,82,1,295,67
frame4344.jpg,1280,720,Ball,116,1,287,37
frame4344.jpg,1280,720,Ball,666,178,807,329
frame4348.jpg,1280,720,Ball,700,174,854,322
frame4352.jpg,1280,720,Ball,155,1,277,26
frame4352.jpg,1280,720,Ball,717,160,903,336
frame4356.jpg,1280,720,Ball,767,170,916,321
frame4356.jpg,1280,720,Ball,148,1,311,50
frame436.jpg,1280,720,Ball,392,206,552,376
frame4360.jpg,1280,720,Ball,138,1,330,64
frame4360.jpg,1280,720,Ball,792,172,941,329
frame4364.jpg,1280,720,Ball,134,1,359,109
frame4364.jpg,1280,720,Ball,824,168,974,319
frame4368.jpg,1280,720,Ball,154,1,357,150
frame4368.jpg,1280,720,Ball,854,162,1024,320
frame4372.jpg,1280,720,Ball,168,2,378,202
frame4372.jpg,1280,720,Ball,892,157,1062,323
frame4376.jpg,1280,720,Ball,185,60,384,263
frame4376.jpg,1280,720,Ball,923,159,1087,317
frame4380.jpg,1280,720,Ball,201,136,402,347
frame4380.jpg,1280,720,Ball,958,159,1119,321
frame4384.jpg,1280,720,Ball,212,142,401,329
frame4384.jpg,1280,720,Ball,987,159,1158,319
frame4388.jpg,1280,720,Ball,219,97,412,290
frame4388.jpg,1280,720,Ball,1026,155,1205,326
frame4392.jpg,1280,720,Ball,236,80,420,257
frame4392.jpg,1280,720,Ball,1063,162,1232,312
frame4396.jpg,1280,720,Ball,246,63,451,250
frame4396.jpg,1280,720,Ball,1092,157,1266,315
frame44.jpg,1280,720,Ball,258,108,330,169
frame44.jpg,1280,720,Ball,934,277,978,309
frame440.jpg,1280,720,Ball,388,207,582,383
frame4400.jpg,1280,720,Ball,273,54,462,231
frame4404.jpg,1280,720,Ball,297,53,492,243
frame4408.jpg,1280,720,Ball,311,73,519,245
frame4412.jpg,1280,720,Ball,349,91,525,252
frame4416.jpg,1280,720,Ball,383,131,545,285
frame4420.jpg,1280,720,Ball,412,163,563,331
frame4424.jpg,1280,720,Ball,430,195,580,337
frame4428.jpg,1280,720,Ball,439,164,585,312
frame4432.jpg,1280,720,Ball,461,163,606,315
frame4436.jpg,1280,720,Ball,473,155,621,298
frame444.jpg,1280,720,Ball,401,221,579,393
frame4440.jpg,1280,720,Ball,488,162,621,299
frame4444.jpg,1280,720,Ball,503,170,635,309
frame4448.jpg,1280,720,Ball,520,193,639,322
frame4452.jpg,1280,720,Ball,541,215,647,346
frame4456.jpg,1280,720,Ball,549,211,652,328
frame4460.jpg,1280,720,Ball,582,197,656,328
frame4464.jpg,1280,720,Ball,595,206,657,322
frame4468.jpg,1280,720,Ball,613,231,656,335
frame4472.jpg,1280,720,Ball,619,245,659,331
frame4476.jpg,1280,720,Ball,535,258,582,334
frame448.jpg,1280,720,Ball,406,226,581,406
frame4480.jpg,1280,720,Ball,544,259,580,340
frame4484.jpg,1280,720,Ball,535,246,618,345
frame4488.jpg,1280,720,Ball,534,244,628,345
frame4492.jpg,1280,720,Ball,530,252,640,349
frame4496.jpg,1280,720,Ball,526,253,634,346
frame4500.jpg,1280,720,Ball,535,238,633,355
frame4504.jpg,1280,720,Ball,520,230,634,358
frame4508.jpg,1280,720,Ball,539,243,648,369
frame4512.jpg,1280,720,Ball,542,250,656,364
frame4516.jpg,1280,720,Ball,544,252,668,366
frame452.jpg,1280,720,Ball,387,225,610,424
frame4520.jpg,1280,720,Ball,581,261,672,357
frame4524.jpg,1280,720,Ball,592,269,703,358
frame4528.jpg,1280,720,Ball,616,267,728,363
frame4532.jpg,1280,720,Ball,644,269,759,359
frame4536.jpg,1280,720,Ball,670,274,777,345
frame4540.jpg,1280,720,Ball,698,267,796,344
frame4544.jpg,1280,720,Ball,724,266,815,353
frame4548.jpg,1280,720,Ball,753,258,853,348
frame4552.jpg,1280,720,Ball,773,253,880,339
frame4556.jpg,1280,720,Ball,811,259,920,331
frame456.jpg,1280,720,Ball,401,251,590,433
frame4560.jpg,1280,720,Ball,851,261,936,334
frame4564.jpg,1280,720,Ball,875,259,973,332
frame4568.jpg,1280,720,Ball,911,264,995,331
frame4572.jpg,1280,720,Ball,936,257,1028,326
frame4576.jpg,1280,720,Ball,958,260,1052,331
frame4580.jpg,1280,720,Ball,988,257,1086,335
frame4584.jpg,1280,720,Ball,1024,255,1116,336
frame4588.jpg,1280,720,Ball,1043,242,1162,347
frame4592.jpg,1280,720,Ball,1084,250,1191,339
frame4596.jpg,1280,720,Ball,1139,254,1228,331
frame460.jpg,1280,720,Ball,399,268,581,444
frame4600.jpg,1280,720,Ball,1174,257,1275,338
frame464.jpg,1280,720,Ball,399,277,601,466
frame468.jpg,1280,720,Ball,397,294,567,465
frame472.jpg,1280,720,Ball,389,311,573,498
frame4724.jpg,1280,720,Ball,1178,264,1257,350
frame4728.jpg,1280,720,Ball,1117,265,1193,345
frame4732.jpg,1280,720,Ball,1061,265,1131,334
frame4736.jpg,1280,720,Ball,1010,262,1094,341
frame4740.jpg,1280,720,Ball,965,265,1045,338
frame4744.jpg,1280,720,Ball,925,262,1013,345
frame4748.jpg,1280,720,Ball,900,264,977,343
frame4752.jpg,1280,720,Ball,868,269,949,337
frame4756.jpg,1280,720,Ball,824,266,920,344
frame476.jpg,1280,720,Ball,383,323,578,509
frame4760.jpg,1280,720,Ball,805,264,891,340
frame4764.jpg,1280,720,Ball,742,265,873,352
frame4768.jpg,1280,720,Ball,734,269,821,351
frame4772.jpg,1280,720,Ball,697,267,794,355
frame4776.jpg,1280,720,Ball,679,278,756,352
frame4780.jpg,1280,720,Ball,621,274,731,355
frame4784.jpg,1280,720,Ball,597,271,693,345
frame4788.jpg,1280,720,Ball,573,280,673,350
frame4792.jpg,1280,720,Ball,568,269,661,366
frame4796.jpg,1280,720,Ball,548,273,625,346
frame48.jpg,1280,720,Ball,251,101,320,197
frame480.jpg,1280,720,Ball,350,329,600,544
frame4800.jpg,1280,720,Ball,491,277,630,343
frame4804.jpg,1280,720,Ball,517,278,620,349
frame4808.jpg,1280,720,Ball,485,278,591,359
frame4812.jpg,1280,720,Ball,473,276,581,366
frame4816.jpg,1280,720,Ball,456,271,554,350
frame4820.jpg,1280,720,Ball,425,267,545,355
frame4824.jpg,1280,720,Ball,440,269,510,363
frame4828.jpg,1280,720,Ball,391,272,511,356
frame4836.jpg,1280,720,Ball,342,267,448,372
frame484.jpg,1280,720,Ball,340,347,568,559
frame4840.jpg,1280,720,Ball,303,283,425,359
frame4844.jpg,1280,720,Ball,275,273,374,350
frame4848.jpg,1280,720,Ball,226,276,370,352
frame4852.jpg,1280,720,Ball,219,278,327,360
frame4856.jpg,1280,720,Ball,172,279,301,350
frame4860.jpg,1280,720,Ball,154,279,274,358
frame4864.jpg,1280,720,Ball,148,278,259,355
frame4868.jpg,1280,720,Ball,149,280,240,359
frame4872.jpg,1280,720,Ball,116,278,224,350
frame4876.jpg,1280,720,Ball,87,277,199,359
frame488.jpg,1280,720,Ball,351,377,551,581
frame492.jpg,1280,720,Ball,349,378,554,579
frame4920.jpg,1280,720,Ball,1251,226,1277,378
frame4924.jpg,1280,720,Ball,1214,215,1280,374
frame4928.jpg,1280,720,Ball,1175,218,1280,374
frame4932.jpg,1280,720,Ball,1157,222,1280,389
frame4936.jpg,1280,720,Ball,1127,226,1273,383
frame4940.jpg,1280,720,Ball,1082,224,1247,398
frame4944.jpg,1280,720,Ball,1048,230,1225,392
frame4948.jpg,1280,720,Ball,1002,224,1181,390
frame4952.jpg,1280,720,Ball,966,226,1139,409
frame4956.jpg,1280,720,Ball,928,227,1092,397
frame496.jpg,1280,720,Ball,327,378,577,587
frame4960.jpg,1280,720,Ball,897,240,1053,389
frame4964.jpg,1280,720,Ball,858,239,1016,395
frame4968.jpg,1280,720,Ball,834,240,973,386
frame4972.jpg,1280,720,Ball,794,243,941,384
frame4976.jpg,1280,720,Ball,765,243,901,384
frame4980.jpg,1280,720,Ball,730,247,865,387
frame4984.jpg,1280,720,Ball,692,240,833,397
frame4988.jpg,1280,720,Ball,666,243,815,395
frame4992.jpg,1280,720,Ball,639,245,788,393
frame4996.jpg,1280,720,Ball,621,247,757,385
frame500.jpg,1280,720,Ball,358,393,567,605
frame5000.jpg,1280,720,Ball,583,245,725,384
frame5004.jpg,1280,720,Ball,552,247,705,393
frame5008.jpg,1280,720,Ball,529,247,677,404
frame5012.jpg,1280,720,Ball,502,247,638,404
frame5016.jpg,1280,720,Ball,444,252,617,399
frame5020.jpg,1280,720,Ball,415,245,573,399
frame5024.jpg,1280,720,Ball,373,256,548,411
frame5028.jpg,1280,720,Ball,341,254,482,417
frame5032.jpg,1280,720,Ball,271,251,451,415
frame5036.jpg,1280,720,Ball,251,250,395,407
frame504.jpg,1280,720,Ball,346,400,582,590
frame5040.jpg,1280,720,Ball,182,254,369,400
frame5040.jpg,1280,720,Ball,1137,206,1280,410
frame5044.jpg,1280,720,Ball,152,258,329,424
frame5044.jpg,1280,720,Ball,1072,209,1280,403
frame5048.jpg,1280,720,Ball,117,255,282,403
frame5048.jpg,1280,720,Ball,1049,220,1265,412
frame5052.jpg,1280,720,Ball,81,251,251,401
frame5052.jpg,1280,720,Ball,1024,223,1235,431
frame5056.jpg,1280,720,Ball,51,250,225,405
frame5056.jpg,1280,720,Ball,978,228,1177,406
frame5060.jpg,1280,720,Ball,6,249,187,402
frame5060.jpg,1280,720,Ball,958,231,1140,408
frame5064.jpg,1280,720,Ball,1,244,163,392
frame5064.jpg,1280,720,Ball,921,217,1119,418
frame5068.jpg,1280,720,Ball,1,241,108,405
frame5068.jpg,1280,720,Ball,896,218,1084,407
frame5072.jpg,1280,720,Ball,1,250,78,394
frame5072.jpg,1280,720,Ball,854,226,1046,407
frame5076.jpg,1280,720,Ball,832,229,1017,397
frame508.jpg,1280,720,Ball,373,406,574,615
frame5080.jpg,1280,720,Ball,796,232,972,400
frame5084.jpg,1280,720,Ball,765,226,945,397
frame5088.jpg,1280,720,Ball,728,235,920,407
frame5092.jpg,1280,720,Ball,699,237,876,399
frame5096.jpg,1280,720,Ball,663,237,838,420
frame5100.jpg,1280,720,Ball,638,246,789,421
frame5104.jpg,1280,720,Ball,583,242,765,432
frame5108.jpg,1280,720,Ball,532,248,697,417
frame5112.jpg,1280,720,Ball,480,250,659,419
frame5116.jpg,1280,720,Ball,444,254,596,416
frame512.jpg,1280,720,Ball,381,417,577,599
frame5120.jpg,1280,720,Ball,396,247,559,407
frame5124.jpg,1280,720,Ball,361,246,533,413
frame5128.jpg,1280,720,Ball,330,248,506,421
frame5132.jpg,1280,720,Ball,303,236,513,428
frame5136.jpg,1280,720,Ball,311,241,496,428
frame5140.jpg,1280,720,Ball,288,245,487,413
frame5144.jpg,1280,720,Ball,298,240,481,421
frame5148.jpg,1280,720,Ball,301,238,472,402
frame5152.jpg,1280,720,Ball,309,245,485,412
frame5156.jpg,1280,720,Ball,305,244,480,418
frame516.jpg,1280,720,Ball,389,419,587,610
frame5160.jpg,1280,720,Ball,309,240,500,412
frame5164.jpg,1280,720,Ball,344,241,523,411
frame5168.jpg,1280,720,Ball,368,240,541,421
frame5172.jpg,1280,720,Ball,396,248,589,426
frame5176.jpg,1280,720,Ball,436,239,615,410
frame5180.jpg,1280,720,Ball,473,245,653,411
frame5184.jpg,1280,720,Ball,508,241,679,421
frame5188.jpg,1280,720,Ball,536,245,706,421
frame5192.jpg,1280,720,Ball,566,243,737,410
frame5196.jpg,1280,720,Ball,587,250,755,412
frame52.jpg,1280,720,Ball,262,113,339,197
frame520.jpg,1280,720,Ball,396,436,612,627
frame5200.jpg,1280,720,Ball,603,240,782,412
frame5204.jpg,1280,720,Ball,624,245,795,414
frame5208.jpg,1280,720,Ball,648,239,813,418
frame5212.jpg,1280,720,Ball,664,240,834,427
frame5216.jpg,1280,720,Ball,685,240,856,422
frame5220.jpg,1280,720,Ball,700,236,872,412
frame5224.jpg,1280,720,Ball,711,236,887,407
frame5228.jpg,1280,720,Ball,730,233,905,404
frame5232.jpg,1280,720,Ball,750,231,927,412
frame5236.jpg,1280,720,Ball,774,230,936,407
frame524.jpg,1280,720,Ball,408,428,591,625
frame5244.jpg,1280,720,Ball,1,256,25,357
frame5244.jpg,1280,720,Ball,812,230,988,402
frame5248.jpg,1280,720,Ball,1,241,55,387
frame5248.jpg,1280,720,Ball,839,232,1002,393
frame5252.jpg,1280,720,Ball,1,234,79,401
frame5252.jpg,1280,720,Ball,854,228,1060,411
frame5256.jpg,1280,720,Ball,1,228,113,397
frame5256.jpg,1280,720,Ball,894,223,1073,398
frame5260.jpg,1280,720,Ball,1,233,149,407
frame5260.jpg,1280,720,Ball,924,221,1110,404
frame5264.jpg,1280,720,Ball,15,237,166,392
frame5264.jpg,1280,720,Ball,954,223,1144,411
frame5268.jpg,1280,720,Ball,80,236,232,393
frame5268.jpg,1280,720,Ball,3,151,103,388
frame5268.jpg,1280,720,Ball,986,217,1187,398
frame5276.jpg,1280,720,Ball,211,82,444,302
frame5276.jpg,1280,720,Ball,169,250,311,388
frame5276.jpg,1280,720,Ball,1096,209,1275,390
frame528.jpg,1280,720,Ball,417,435,606,631
frame5280.jpg,1280,720,Ball,229,225,368,374
frame5280.jpg,1280,720,Ball,362,69,619,307
frame5280.jpg,1280,720,Ball,1144,204,1280,379
frame5284.jpg,1280,720,Ball,276,233,414,378
frame5284.jpg,1280,720,Ball,496,74,764,317
frame5284.jpg,1280,720,Ball,1205,205,1280,375
frame5288.jpg,1280,720,Ball,306,226,458,377
frame5288.jpg,1280,720,Ball,637,81,893,336
frame5292.jpg,1280,720,Ball,339,231,487,380
frame5292.jpg,1280,720,Ball,782,126,1040,364
frame5296.jpg,1280,720,Ball,349,226,497,376
frame5296.jpg,1280,720,Ball,914,143,1192,388
frame5300.jpg,1280,720,Ball,341,231,480,372
frame5300.jpg,1280,720,Ball,1018,112,1266,359
frame5304.jpg,1280,720,Ball,323,224,454,370
frame5304.jpg,1280,720,Ball,1094,90,1280,356
frame5308.jpg,1280,720,Ball,288,227,418,367
frame5308.jpg,1280,720,Ball,1164,101,1280,356
frame5312.jpg,1280,720,Ball,222,236,362,378
frame5312.jpg,1280,720,Ball,1150,243,1263,388
frame5316.jpg,1280,720,Ball,149,240,301,388
frame5316.jpg,1280,720,Ball,1056,207,1280,381
frame532.jpg,1280,720,Ball,420,440,612,630
frame5320.jpg,1280,720,Ball,89,240,254,383
frame5320.jpg,1280,720,Ball,1028,212,1219,399
frame5320.jpg,1280,720,Ball,1253,220,1280,344
frame5324.jpg,1280,720,Ball,27,229,187,388
frame5324.jpg,1280,720,Ball,962,219,1165,395
frame5328.jpg,1280,720,Ball,1,236,146,397
frame5328.jpg,1280,720,Ball,911,220,1125,416
frame5332.jpg,1280,720,Ball,1,238,83,384
frame5332.jpg,1280,720,Ball,872,213,1054,413
frame5340.jpg,1280,720,Ball,800,225,979,409
frame5344.jpg,1280,720,Ball,758,225,940,406
frame5348.jpg,1280,720,Ball,725,221,889,393
frame5352.jpg,1280,720,Ball,676,220,852,402
frame5356.jpg,1280,720,Ball,649,224,822,392
frame536.jpg,1280,720,Ball,419,443,618,632
frame5360.jpg,1280,720,Ball,611,225,788,402
frame5364.jpg,1280,720,Ball,577,220,749,390
frame5364.jpg,1280,720,Ball,1223,135,1280,278
frame5368.jpg,1280,720,Ball,538,221,717,393
frame5368.jpg,1280,720,Ball,1187,126,1280,280
frame5372.jpg,1280,720,Ball,507,220,688,402
frame5372.jpg,1280,720,Ball,1149,131,1280,299
frame5376.jpg,1280,720,Ball,471,224,647,393
frame5376.jpg,1280,720,Ball,1123,157,1280,310
frame5380.jpg,1280,720,Ball,434,222,618,396
frame5380.jpg,1280,720,Ball,1087,180,1254,329
frame5384.jpg,1280,720,Ball,411,221,583,391
frame5384.jpg,1280,720,Ball,1063,212,1211,356
frame5388.jpg,1280,720,Ball,374,220,558,398
frame5388.jpg,1280,720,Ball,1030,255,1184,381
frame5396.jpg,1280,720,Ball,298,222,504,405
frame5396.jpg,1280,720,Ball,992,235,1106,350
frame540.jpg,1280,720,Ball,423,445,617,632
frame5400.jpg,1280,720,Ball,274,222,447,398
frame5400.jpg,1280,720,Ball,958,230,1088,355
frame5404.jpg,1280,720,Ball,239,224,431,416
frame5404.jpg,1280,720,Ball,933,232,1057,354
frame5408.jpg,1280,720,Ball,209,221,399,401
frame5408.jpg,1280,720,Ball,921,245,1038,361
frame5412.jpg,1280,720,Ball,182,218,359,403
frame5412.jpg,1280,720,Ball,899,258,1019,375
frame5416.jpg,1280,720,Ball,130,217,319,402
frame5416.jpg,1280,720,Ball,876,286,982,388
frame5420.jpg,1280,720,Ball,73,222,282,415
frame5420.jpg,1280,720,Ball,847,281,951,383
frame5424.jpg,1280,720,Ball,25,223,240,423
frame5424.jpg,1280,720,Ball,815,278,926,383
frame5428.jpg,1280,720,Ball,1,217,181,428
frame5428.jpg,1280,720,Ball,787,283,896,385
frame5432.jpg,1280,720,Ball,8,224,124,418
frame5432.jpg,1280,720,Ball,744,288,845,388
frame5436.jpg,1280,720,Ball,718,304,801,386
frame5436.jpg,1280,720,Ball,1,226,81,385
frame544.jpg,1280,720,Ball,434,448,627,623
frame5440.jpg,1280,720,Ball,677,305,759,378
frame5444.jpg,1280,720,Ball,652,307,739,370
frame5448.jpg,1280,720,Ball,634,312,703,378
frame5452.jpg,1280,720,Ball,611,306,692,383
frame5456.jpg,1280,720,Ball,609,300,657,359
frame5460.jpg,1280,720,Ball,596,304,644,364
frame5464.jpg,1280,720,Ball,596,306,646,359
frame5468.jpg,1280,720,Ball,597,294,647,349
frame548.jpg,1280,720,Ball,444,451,632,626
frame5508.jpg,1280,720,Ball,1,228,111,439
frame5512.jpg,1280,720,Ball,1,236,196,443
frame5516.jpg,1280,720,Ball,109,248,313,445
frame552.jpg,1280,720,Ball,457,461,657,634
frame5520.jpg,1280,720,Ball,198,251,405,445
frame5524.jpg,1280,720,Ball,282,256,481,440
frame5524.jpg,1280,720,Ball,2,112,183,485
frame5528.jpg,1280,720,Ball,1,105,311,478
frame5528.jpg,1280,720,Ball,336,263,520,447
frame5532.jpg,1280,720,Ball,63,112,447,476
frame5532.jpg,1280,720,Ball,392,269,551,459
frame5540.jpg,1280,720,Ball,313,94,701,487
frame5544.jpg,1280,720,Ball,425,78,832,499
frame5548.jpg,1280,720,Ball,425,274,595,449
frame5548.jpg,1280,720,Ball,534,59,969,508
frame5552.jpg,1280,720,Ball,415,262,602,444
frame5552.jpg,1280,720,Ball,634,37,1115,515
frame5556.jpg,1280,720,Ball,401,262,583,439
frame5556.jpg,1280,720,Ball,751,13,1259,516
frame556.jpg,1280,720,Ball,491,466,692,659
frame5560.jpg,1280,720,Ball,376,253,559,438
frame5560.jpg,1280,720,Ball,853,1,1277,503
frame5564.jpg,1280,720,Ball,326,250,520,443
frame5564.jpg,1280,720,Ball,960,2,1276,531
frame5568.jpg,1280,720,Ball,285,257,476,445
frame5568.jpg,1280,720,Ball,1048,1,1280,494
frame5572.jpg,1280,720,Ball,203,254,407,449
frame5572.jpg,1280,720,Ball,1146,21,1280,429
frame5580.jpg,1280,720,Ball,41,250,255,450
frame5584.jpg,1280,720,Ball,6,246,155,444
frame5588.jpg,1280,720,Ball,1,263,46,410
frame56.jpg,1280,720,Ball,269,110,331,174
frame56.jpg,1280,720,Ball,939,272,990,302
frame5612.jpg,1280,720,Ball,1,260,37,380
frame5616.jpg,1280,720,Ball,1,225,119,421
frame5620.jpg,1280,720,Ball,1,241,211,435
frame5624.jpg,1280,720,Ball,77,244,288,448
frame5628.jpg,1280,720,Ball,139,242,349,431
frame5632.jpg,1280,720,Ball,192,248,380,440
frame5636.jpg,1280,720,Ball,211,240,418,431
frame564.jpg,1280,720,Ball,571,489,768,688
frame5640.jpg,1280,720,Ball,239,240,442,434
frame5644.jpg,1280,720,Ball,258,212,449,445
frame5648.jpg,1280,720,Ball,246,228,491,494
frame5652.jpg,1280,720,Ball,268,224,450,411
frame5656.jpg,1280,720,Ball,267,224,455,422
frame5660.jpg,1280,720,Ball,265,227,456,411
frame5664.jpg,1280,720,Ball,270,225,460,409
frame5668.jpg,1280,720,Ball,272,224,473,414
frame5672.jpg,1280,720,Ball,269,226,463,405
frame5676.jpg,1280,720,Ball,273,223,468,411
frame568.jpg,1280,720,Ball,606,503,806,713
frame5680.jpg,1280,720,Ball,271,222,470,405
frame5684.jpg,1280,720,Ball,276,221,472,409
frame5688.jpg,1280,720,Ball,277,217,492,422
frame5692.jpg,1280,720,Ball,275,221,473,415
frame5696.jpg,1280,720,Ball,274,226,475,417
frame5700.jpg,1280,720,Ball,284,222,468,418
frame5704.jpg,1280,720,Ball,277,221,472,407
frame5708.jpg,1280,720,Ball,277,221,473,408
frame5712.jpg,1280,720,Ball,282,225,471,398
frame5716.jpg,1280,720,Ball,277,220,472,417
frame572.jpg,1280,720,Ball,644,533,848,719
frame5720.jpg,1280,720,Ball,281,225,476,412
frame5724.jpg,1280,720,Ball,282,224,477,411
frame5728.jpg,1280,720,Ball,282,226,476,400
frame5732.jpg,1280,720,Ball,279,219,475,416
frame5736.jpg,1280,720,Ball,287,224,475,412
frame5740.jpg,1280,720,Ball,281,216,477,403
frame5744.jpg,1280,720,Ball,297,222,468,407
frame5748.jpg,1280,720,Ball,300,227,483,412
frame5752.jpg,1280,720,Ball,317,224,496,407
frame5756.jpg,1280,720,Ball,342,221,512,403
frame576.jpg,1280,720,Ball,679,552,876,720
frame5760.jpg,1280,720,Ball,367,227,543,404
frame5764.jpg,1280,720,Ball,386,230,568,406
frame5768.jpg,1280,720,Ball,410,236,595,419
frame5772.jpg,1280,720,Ball,425,235,615,422
frame5776.jpg,1280,720,Ball,439,239,621,421
frame5780.jpg,1280,720,Ball,458,237,627,433
frame5784.jpg,1280,720,Ball,454,239,639,429
frame5788.jpg,1280,720,Ball,462,240,644,421
frame5792.jpg,1280,720,Ball,467,237,652,422
frame5796.jpg,1280,720,Ball,467,237,653,419
frame580.jpg,1280,720,Ball,698,578,903,720
frame5800.jpg,1280,720,Ball,476,231,663,429
frame5804.jpg,1280,720,Ball,487,236,670,411
frame5808.jpg,1280,720,Ball,506,240,684,435
frame5812.jpg,1280,720,Ball,511,242,700,421
frame5816.jpg,1280,720,Ball,534,249,723,444
frame5820.jpg,1280,720,Ball,554,253,739,445
frame5824.jpg,1280,720,Ball,573,260,771,448
frame5828.jpg,1280,720,Ball,599,271,791,469
frame5832.jpg,1280,720,Ball,616,283,814,488
frame5836.jpg,1280,720,Ball,639,297,839,501
frame584.jpg,1280,720,Ball,723,597,917,720
frame5840.jpg,1280,720,Ball,658,304,865,518
frame5844.jpg,1280,720,Ball,682,310,878,524
frame5848.jpg,1280,720,Ball,691,308,907,537
frame5852.jpg,1280,720,Ball,712,303,921,518
frame5856.jpg,1280,720,Ball,723,317,944,538
frame5860.jpg,1280,720,Ball,748,316,959,541
frame5864.jpg,1280,720,Ball,764,315,991,547
frame5868.jpg,1280,720,Ball,793,321,1011,566
frame5872.jpg,1280,720,Ball,812,328,1050,564
frame5876.jpg,1280,720,Ball,849,328,1087,563
frame588.jpg,1280,720,Ball,721,615,926,720
frame5880.jpg,1280,720,Ball,883,332,1114,577
frame5884.jpg,1280,720,Ball,945,355,1184,610
frame5888.jpg,1280,720,Ball,989,378,1266,638
frame5892.jpg,1280,720,Ball,1082,407,1280,675
frame5896.jpg,1280,720,Ball,1180,434,1279,720
frame5900.jpg,1280,720,Ball,1214,516,1279,720
frame5904.jpg,1280,720,Ball,1251,583,1277,720
frame5908.jpg,1280,720,Ball,1252,616,1276,720
frame5912.jpg,1280,720,Ball,1230,580,1280,718
frame5916.jpg,1280,720,Ball,1188,531,1280,719
frame592.jpg,1280,720,Ball,723,636,926,720
frame5920.jpg,1280,720,Ball,1124,485,1280,695
frame5924.jpg,1280,720,Ball,1062,439,1280,703
frame5928.jpg,1280,720,Ball,997,414,1280,685
frame5932.jpg,1280,720,Ball,950,393,1222,658
frame5936.jpg,1280,720,Ball,898,355,1183,636
frame5940.jpg,1280,720,Ball,841,317,1119,595
frame5944.jpg,1280,720,Ball,800,300,1072,561
frame5948.jpg,1280,720,Ball,785,285,1042,553
frame5952.jpg,1280,720,Ball,751,255,1011,515
frame5956.jpg,1280,720,Ball,732,221,988,493
frame596.jpg,1280,720,Ball,706,649,920,720
frame5960.jpg,1280,720,Ball,665,176,913,432
frame5964.jpg,1280,720,Ball,620,159,866,408
frame5968.jpg,1280,720,Ball,602,159,843,421
frame5972.jpg,1280,720,Ball,571,159,816,412
frame5976.jpg,1280,720,Ball,527,160,782,403
frame5980.jpg,1280,720,Ball,536,169,757,429
frame5984.jpg,1280,720,Ball,510,170,739,425
frame5988.jpg,1280,720,Ball,477,174,720,421
frame5996.jpg,1280,720,Ball,465,197,696,431
frame60.jpg,1280,720,Ball,263,107,331,172
frame600.jpg,1280,720,Ball,702,659,899,720
frame6000.jpg,1280,720,Ball,455,203,695,432
frame6004.jpg,1280,720,Ball,452,200,689,433
frame6008.jpg,1280,720,Ball,454,207,676,426
frame6012.jpg,1280,720,Ball,443,206,661,429
frame6016.jpg,1280,720,Ball,424,207,647,433
frame6020.jpg,1280,720,Ball,411,217,625,431
frame6024.jpg,1280,720,Ball,402,221,607,448
frame6028.jpg,1280,720,Ball,376,228,592,448
frame6032.jpg,1280,720,Ball,358,237,571,445
frame6036.jpg,1280,720,Ball,361,243,561,448
frame604.jpg,1280,720,Ball,692,659,876,720
frame6040.jpg,1280,720,Ball,348,252,557,463
frame6044.jpg,1280,720,Ball,358,255,563,461
frame6048.jpg,1280,720,Ball,344,254,551,462
frame6052.jpg,1280,720,Ball,347,255,541,466
frame6056.jpg,1280,720,Ball,325,262,525,455
frame6060.jpg,1280,720,Ball,325,259,519,462
frame6064.jpg,1280,720,Ball,306,252,509,444
frame6068.jpg,1280,720,Ball,299,255,493,445
frame6072.jpg,1280,720,Ball,297,256,482,459
frame6076.jpg,1280,720,Ball,291,261,488,450
frame608.jpg,1280,720,Ball,678,640,871,720
frame6084.jpg,1280,720,Ball,300,250,504,439
frame6088.jpg,1280,720,Ball,317,247,501,436
frame6092.jpg,1280,720,Ball,312,237,497,422
frame6096.jpg,1280,720,Ball,314,240,494,426
frame6100.jpg,1280,720,Ball,312,243,507,428
frame6104.jpg,1280,720,Ball,325,248,497,430
frame6108.jpg,1280,720,Ball,325,269,497,444
frame6112.jpg,1280,720,Ball,340,283,517,451
frame6116.jpg,1280,720,Ball,361,278,523,438
frame612.jpg,1280,720,Ball,652,624,851,720
frame6120.jpg,1280,720,Ball,374,276,537,442
frame6124.jpg,1280,720,Ball,390,279,551,437
frame6128.jpg,1280,720,Ball,399,282,558,445
frame6132.jpg,1280,720,Ball,407,281,572,438
frame6136.jpg,1280,720,Ball,424,279,579,435
frame6140.jpg,1280,720,Ball,430,282,593,423
frame6144.jpg,1280,720,Ball,440,278,599,423
frame6148.jpg,1280,720,Ball,449,267,598,412
frame6152.jpg,1280,720,Ball,456,258,601,401
frame6156.jpg,1280,720,Ball,458,256,598,399
frame616.jpg,1280,720,Ball,630,594,837,720
frame6160.jpg,1280,720,Ball,457,247,602,390
frame6164.jpg,1280,720,Ball,454,248,605,396
frame6168.jpg,1280,720,Ball,442,245,579,376
frame6172.jpg,1280,720,Ball,424,233,564,378
frame6176.jpg,1280,720,Ball,396,231,533,366
frame6180.jpg,1280,720,Ball,358,221,496,361
frame6184.jpg,1280,720,Ball,337,222,466,351
frame6188.jpg,1280,720,Ball,318,221,460,359
frame6192.jpg,1280,720,Ball,318,224,454,362
frame6196.jpg,1280,720,Ball,317,219,449,350
frame620.jpg,1280,720,Ball,616,553,802,720
frame6200.jpg,1280,720,Ball,316,212,455,352
frame6204.jpg,1280,720,Ball,319,210,450,350
frame6208.jpg,1280,720,Ball,324,203,463,345
frame6212.jpg,1280,720,Ball,330,197,466,346
frame6216.jpg,1280,720,Ball,332,188,473,334
frame6220.jpg,1280,720,Ball,356,174,468,316
frame6224.jpg,1280,720,Ball,358,159,481,298
frame6228.jpg,1280,720,Ball,362,145,496,282
frame6232.jpg,1280,720,Ball,391,148,507,289
frame6236.jpg,1280,720,Ball,398,146,528,272
frame624.jpg,1280,720,Ball,590,513,785,713
frame6240.jpg,1280,720,Ball,398,145,524,274
frame6244.jpg,1280,720,Ball,403,143,526,280
frame6248.jpg,1280,720,Ball,396,141,521,294
frame6252.jpg,1280,720,Ball,392,149,522,282
frame6256.jpg,1280,720,Ball,379,151,510,282
frame6260.jpg,1280,720,Ball,371,159,496,292
frame6264.jpg,1280,720,Ball,349,164,477,302
frame6268.jpg,1280,720,Ball,335,169,462,312
frame6272.jpg,1280,720,Ball,320,183,447,312
frame6276.jpg,1280,720,Ball,304,184,439,324
frame628.jpg,1280,720,Ball,570,469,764,674
frame6280.jpg,1280,720,Ball,295,196,424,330
frame6284.jpg,1280,720,Ball,278,202,433,344
frame6284.jpg,1280,720,Ball,738,1,844,74
frame6288.jpg,1280,720,Ball,258,202,410,342
frame6288.jpg,1280,720,Ball,707,33,830,171
frame6292.jpg,1280,720,Ball,244,212,388,351
frame6292.jpg,1280,720,Ball,696,141,811,256
frame6296.jpg,1280,720,Ball,220,212,363,352
frame6296.jpg,1280,720,Ball,677,100,806,226
frame6300.jpg,1280,720,Ball,194,217,344,358
frame6300.jpg,1280,720,Ball,664,61,791,189
frame6304.jpg,1280,720,Ball,163,217,324,371
frame6304.jpg,1280,720,Ball,645,23,788,164
frame6308.jpg,1280,720,Ball,123,218,300,375
frame6308.jpg,1280,720,Ball,630,1,782,136
frame6312.jpg,1280,720,Ball,123,225,283,372
frame6312.jpg,1280,720,Ball,626,1,787,109
frame6316.jpg,1280,720,Ball,100,226,246,373
frame6316.jpg,1280,720,Ball,627,2,784,100
frame632.jpg,1280,720,Ball,557,434,748,631
frame6320.jpg,1280,720,Ball,83,236,241,381
frame6320.jpg,1280,720,Ball,628,1,791,89
frame6324.jpg,1280,720,Ball,54,240,219,392
frame6324.jpg,1280,720,Ball,624,1,801,94
frame6328.jpg,1280,720,Ball,24,252,199,404
frame6328.jpg,1280,720,Ball,624,1,809,117
frame6332.jpg,1280,720,Ball,1,264,170,422
frame6332.jpg,1280,720,Ball,622,1,819,156
frame6336.jpg,1280,720,Ball,621,1,830,212
frame6340.jpg,1280,720,Ball,620,43,839,286
frame6344.jpg,1280,720,Ball,628,125,849,380
frame6348.jpg,1280,720,Ball,638,223,873,491
frame6352.jpg,1280,720,Ball,651,344,898,633
frame6356.jpg,1280,720,Ball,665,473,918,720
frame636.jpg,1280,720,Ball,547,402,744,598
frame6360.jpg,1280,720,Ball,692,632,919,720
frame6364.jpg,1280,720,Ball,715,638,970,720
frame6368.jpg,1280,720,Ball,707,611,996,720
frame6372.jpg,1280,720,Ball,653,557,971,720
frame6376.jpg,1280,720,Ball,587,499,917,720
frame6380.jpg,1280,720,Ball,517,451,851,720
frame6384.jpg,1280,720,Ball,443,414,774,720
frame6388.jpg,1280,720,Ball,368,390,698,720
frame6392.jpg,1280,720,Ball,288,381,615,706
frame6396.jpg,1280,720,Ball,230,416,553,717
frame64.jpg,1280,720,Ball,270,105,336,166
frame64.jpg,1280,720,Ball,955,275,989,297
frame640.jpg,1280,720,Ball,545,378,738,572
frame6400.jpg,1280,720,Ball,172,470,493,720
frame6404.jpg,1280,720,Ball,112,536,434,720
frame6408.jpg,1280,720,Ball,87,602,375,720
frame6412.jpg,1280,720,Ball,103,677,304,718
frame6416.jpg,1280,720,Ball,88,692,270,720
frame6420.jpg,1280,720,Ball,73,687,258,720
frame6424.jpg,1280,720,Ball,71,690,252,720
frame6428.jpg,1280,720,Ball,92,695,264,720
frame644.jpg,1280,720,Ball,538,357,729,554
frame6464.jpg,1280,720,Ball,368,708,473,720
frame6468.jpg,1280,720,Ball,358,693,511,720
frame6472.jpg,1280,720,Ball,352,666,547,720
frame6476.jpg,1280,720,Ball,335,633,569,720
frame648.jpg,1280,720,Ball,537,345,728,536
frame6480.jpg,1280,720,Ball,328,589,577,720
frame6484.jpg,1280,720,Ball,330,574,577,720
frame6488.jpg,1280,720,Ball,334,575,577,720
frame6492.jpg,1280,720,Ball,334,561,577,720
frame6496.jpg,1280,720,Ball,332,555,577,720
frame6500.jpg,1280,720,Ball,330,542,570,719
frame6504.jpg,1280,720,Ball,331,543,571,718
frame6508.jpg,1280,720,Ball,334,553,576,720
frame6512.jpg,1280,720,Ball,336,556,580,720
frame6516.jpg,1280,720,Ball,346,559,589,720
frame652.jpg,1280,720,Ball,539,333,730,523
frame6520.jpg,1280,720,Ball,358,554,600,720
frame6524.jpg,1280,720,Ball,373,541,613,719
frame6528.jpg,1280,720,Ball,391,525,626,720
frame6532.jpg,1280,720,Ball,421,506,652,720
frame6536.jpg,1280,720,Ball,431,506,661,720
frame6540.jpg,1280,720,Ball,432,519,662,720
frame6544.jpg,1280,720,Ball,434,533,668,720
frame6548.jpg,1280,720,Ball,430,521,650,720
frame6552.jpg,1280,720,Ball,418,491,647,720
frame6556.jpg,1280,720,Ball,413,465,648,695
frame656.jpg,1280,720,Ball,536,326,729,517
frame6560.jpg,1280,720,Ball,418,440,651,655
frame6564.jpg,1280,720,Ball,415,417,645,648
frame6568.jpg,1280,720,Ball,415,406,643,629
frame6572.jpg,1280,720,Ball,423,395,669,613
frame6576.jpg,1280,720,Ball,425,377,651,597
frame6580.jpg,1280,720,Ball,429,368,653,588
frame6584.jpg,1280,720,Ball,430,360,655,578
frame6588.jpg,1280,720,Ball,436,355,664,574
frame6592.jpg,1280,720,Ball,449,346,677,569
frame6596.jpg,1280,720,Ball,459,341,683,566
frame660.jpg,1280,720,Ball,542,322,734,516
frame6600.jpg,1280,720,Ball,473,331,696,545
frame6604.jpg,1280,720,Ball,479,323,709,536
frame6608.jpg,1280,720,Ball,494,303,728,522
frame6612.jpg,1280,720,Ball,506,289,734,502
frame6616.jpg,1280,720,Ball,520,278,753,479
frame6620.jpg,1280,720,Ball,534,257,725,461
frame6624.jpg,1280,720,Ball,542,236,763,451
frame6628.jpg,1280,720,Ball,548,221,763,429
frame6632.jpg,1280,720,Ball,546,200,773,422
frame6636.jpg,1280,720,Ball,545,188,750,414
frame664.jpg,1280,720,Ball,545,326,725,522
frame6640.jpg,1280,720,Ball,537,179,750,399
frame6644.jpg,1280,720,Ball,534,174,748,388
frame6648.jpg,1280,720,Ball,518,164,745,369
frame6652.jpg,1280,720,Ball,515,160,721,368
frame6656.jpg,1280,720,Ball,509,147,730,361
frame6660.jpg,1280,720,Ball,502,145,710,357
frame6664.jpg,1280,720,Ball,501,131,703,333
frame6668.jpg,1280,720,Ball,495,124,702,340
frame6672.jpg,1280,720,Ball,486,113,697,332
frame6676.jpg,1280,720,Ball,486,107,694,303
frame668.jpg,1280,720,Ball,544,337,734,524
frame6680.jpg,1280,720,Ball,475,97,677,312
frame6684.jpg,1280,720,Ball,470,107,678,320
frame6688.jpg,1280,720,Ball,464,119,672,336
frame6692.jpg,1280,720,Ball,467,140,665,351
frame6696.jpg,1280,720,Ball,463,173,675,383
frame6700.jpg,1280,720,Ball,460,221,682,444
frame6704.jpg,1280,720,Ball,477,261,683,473
frame6708.jpg,1280,720,Ball,472,258,674,470
frame6712.jpg,1280,720,Ball,472,278,679,489
frame6716.jpg,1280,720,Ball,475,287,677,496
frame672.jpg,1280,720,Ball,544,351,739,545
frame6720.jpg,1280,720,Ball,474,297,680,508
frame6724.jpg,1280,720,Ball,480,310,692,524
frame6728.jpg,1280,720,Ball,483,310,686,525
frame6732.jpg,1280,720,Ball,489,303,682,518
frame6736.jpg,1280,720,Ball,471,288,703,513
frame6740.jpg,1280,720,Ball,468,260,696,491
frame6744.jpg,1280,720,Ball,465,238,698,468
frame6748.jpg,1280,720,Ball,457,200,702,432
frame6752.jpg,1280,720,Ball,476,185,725,431
frame6756.jpg,1280,720,Ball,459,190,712,447
frame676.jpg,1280,720,Ball,545,364,743,559
frame6760.jpg,1280,720,Ball,449,191,716,455
frame6764.jpg,1280,720,Ball,432,187,718,462
frame6768.jpg,1280,720,Ball,410,188,706,481
frame6772.jpg,1280,720,Ball,387,193,696,497
frame6776.jpg,1280,720,Ball,354,196,682,521
frame6780.jpg,1280,720,Ball,324,197,665,536
frame6784.jpg,1280,720,Ball,301,196,665,559
frame6788.jpg,1280,720,Ball,268,201,663,579
frame6792.jpg,1280,720,Ball,230,204,643,611
frame6796.jpg,1280,720,Ball,201,210,634,639
frame68.jpg,1280,720,Ball,274,102,334,166
frame68.jpg,1280,720,Ball,956,266,1011,296
frame680.jpg,1280,720,Ball,549,383,739,578
frame6800.jpg,1280,720,Ball,172,215,620,641
frame6804.jpg,1280,720,Ball,130,204,591,657
frame6808.jpg,1280,720,Ball,116,189,584,659
frame6812.jpg,1280,720,Ball,114,179,597,644
frame6816.jpg,1280,720,Ball,112,167,596,640
frame6820.jpg,1280,720,Ball,100,174,576,645
frame6824.jpg,1280,720,Ball,88,187,567,654
frame6828.jpg,1280,720,Ball,108,208,555,680
frame6832.jpg,1280,720,Ball,73,245,543,712
frame6836.jpg,1280,720,Ball,31,264,529,719
frame684.jpg,1280,720,Ball,549,405,737,594
frame6840.jpg,1280,720,Ball,19,279,496,720
frame6844.jpg,1280,720,Ball,9,284,481,720
frame6848.jpg,1280,720,Ball,1,255,466,720
frame6852.jpg,1280,720,Ball,5,207,452,720
frame6856.jpg,1280,720,Ball,1,140,426,687
frame6860.jpg,1280,720,Ball,1,63,400,641
frame6864.jpg,1280,720,Ball,4,4,371,586
frame6868.jpg,1280,720,Ball,1,2,362,529
frame6872.jpg,1280,720,Ball,1,1,347,466
frame6876.jpg,1280,720,Ball,1,1,331,424
frame688.jpg,1280,720,Ball,554,409,745,598
frame6880.jpg,1280,720,Ball,1,1,340,381
frame6884.jpg,1280,720,Ball,3,7,348,328
frame6888.jpg,1280,720,Ball,1,1,373,312
frame6892.jpg,1280,720,Ball,1,1,377,297
frame6896.jpg,1280,720,Ball,1,1,405,307
frame6904.jpg,1280,720,Ball,14,8,474,314
frame6908.jpg,1280,720,Ball,101,1,496,297
frame6912.jpg,1280,720,Ball,169,3,525,307
frame6916.jpg,1280,720,Ball,239,25,545,311
frame692.jpg,1280,720,Ball,558,415,753,604
frame6920.jpg,1280,720,Ball,307,73,567,328
frame6924.jpg,1280,720,Ball,345,109,576,337
frame6928.jpg,1280,720,Ball,313,142,543,386
frame6932.jpg,1280,720,Ball,289,183,525,417
frame6936.jpg,1280,720,Ball,278,188,509,414
frame6940.jpg,1280,720,Ball,275,183,511,409
frame6944.jpg,1280,720,Ball,275,174,503,394
frame6948.jpg,1280,720,Ball,296,178,508,385
frame6952.jpg,1280,720,Ball,306,178,510,374
frame6956.jpg,1280,720,Ball,304,182,513,381
frame696.jpg,1280,720,Ball,570,417,762,612
frame6960.jpg,1280,720,Ball,294,193,496,383
frame6964.jpg,1280,720,Ball,296,200,489,391
frame6968.jpg,1280,720,Ball,287,205,482,392
frame6972.jpg,1280,720,Ball,298,193,493,385
frame6976.jpg,1280,720,Ball,306,183,487,369
frame6980.jpg,1280,720,Ball,308,173,502,359
frame6984.jpg,1280,720,Ball,325,167,522,349
frame6988.jpg,1280,720,Ball,346,153,528,343
frame6992.jpg,1280,720,Ball,362,136,549,326
frame6996.jpg,1280,720,Ball,378,124,564,307
frame700.jpg,1280,720,Ball,577,407,777,589
frame7000.jpg,1280,720,Ball,396,93,582,288
frame7004.jpg,1280,720,Ball,423,63,607,251
frame7008.jpg,1280,720,Ball,444,21,631,217
frame7012.jpg,1280,720,Ball,475,2,672,184
frame7016.jpg,1280,720,Ball,511,3,712,134
frame7020.jpg,1280,720,Ball,584,1,749,75
frame704.jpg,1280,720,Ball,599,398,782,588
frame708.jpg,1280,720,Ball,613,393,799,579
frame712.jpg,1280,720,Ball,625,383,811,559
frame7156.jpg,1280,720,Ball,1,16,44,288
frame716.jpg,1280,720,Ball,649,373,833,550
frame7160.jpg,1280,720,Ball,1,3,77,310
frame7164.jpg,1280,720,Ball,1,8,112,384
frame7168.jpg,1280,720,Ball,8,36,151,486
frame7172.jpg,1280,720,Ball,1,47,210,522
frame7176.jpg,1280,720,Ball,1,95,282,591
frame7180.jpg,1280,720,Ball,1,127,354,646
frame7184.jpg,1280,720,Ball,1,138,398,700
frame7188.jpg,1280,720,Ball,1,187,452,700
frame7192.jpg,1280,720,Ball,1,222,494,709
frame7196.jpg,1280,720,Ball,1,234,526,710
frame72.jpg,1280,720,Ball,274,99,343,164
frame72.jpg,1280,720,Ball,949,268,1013,301
frame720.jpg,1280,720,Ball,668,361,861,546
frame7200.jpg,1280,720,Ball,1,227,581,720
frame7204.jpg,1280,720,Ball,4,223,624,720
frame7208.jpg,1280,720,Ball,1,211,673,718
frame7212.jpg,1280,720,Ball,1,181,738,710
frame7216.jpg,1280,720,Ball,20,126,798,720
frame7220.jpg,1280,720,Ball,90,96,882,720
frame7224.jpg,1280,720,Ball,140,36,942,720
frame7228.jpg,1280,720,Ball,155,17,1011,720
frame7232.jpg,1280,720,Ball,190,1,1050,702
frame7236.jpg,1280,720,Ball,218,4,1065,710
frame724.jpg,1280,720,Ball,707,359,882,537
frame7240.jpg,1280,720,Ball,241,2,1109,689
frame7244.jpg,1280,720,Ball,223,4,1104,702
frame7248.jpg,1280,720,Ball,225,4,1077,682
frame7252.jpg,1280,720,Ball,205,2,1047,661
frame7256.jpg,1280,720,Ball,170,3,1008,646
frame7260.jpg,1280,720,Ball,144,2,952,635
frame7264.jpg,1280,720,Ball,135,4,915,603
frame7268.jpg,1280,720,Ball,139,2,894,585
frame7272.jpg,1280,720,Ball,143,1,853,569
frame7276.jpg,1280,720,Ball,154,1,828,569
frame728.jpg,1280,720,Ball,728,346,917,527
frame7280.jpg,1280,720,Ball,168,3,821,552
frame7284.jpg,1280,720,Ball,181,7,809,571
frame7288.jpg,1280,720,Ball,172,1,796,606
frame7292.jpg,1280,720,Ball,155,25,769,612
frame7296.jpg,1280,720,Ball,134,60,729,598
frame7300.jpg,1280,720,Ball,131,91,688,670
frame7304.jpg,1280,720,Ball,125,97,671,694
frame7308.jpg,1280,720,Ball,156,101,668,678
frame7312.jpg,1280,720,Ball,274,94,663,653
frame7316.jpg,1280,720,Ball,229,93,677,608
frame732.jpg,1280,720,Ball,760,335,944,517
frame7320.jpg,1280,720,Ball,282,87,678,497
frame7324.jpg,1280,720,Ball,308,91,682,631
frame7328.jpg,1280,720,Ball,370,108,687,507
frame7332.jpg,1280,720,Ball,407,169,688,661
frame7336.jpg,1280,720,Ball,448,167,703,516
frame7340.jpg,1280,720,Ball,494,141,708,523
frame7344.jpg,1280,720,Ball,530,275,717,557
frame7348.jpg,1280,720,Ball,550,287,736,562
frame7352.jpg,1280,720,Ball,560,293,745,585
frame7356.jpg,1280,720,Ball,596,250,773,522
frame736.jpg,1280,720,Ball,790,330,973,512
frame7360.jpg,1280,720,Ball,429,252,753,605
frame7364.jpg,1280,720,Ball,396,245,743,589
frame7368.jpg,1280,720,Ball,322,246,746,599
frame7372.jpg,1280,720,Ball,330,273,737,617
frame7376.jpg,1280,720,Ball,287,293,727,621
frame7380.jpg,1280,720,Ball,282,321,706,640
frame7384.jpg,1280,720,Ball,263,340,687,651
frame7388.jpg,1280,720,Ball,249,336,678,653
frame7392.jpg,1280,720,Ball,234,364,659,666
frame7396.jpg,1280,720,Ball,221,526,670,654
frame740.jpg,1280,720,Ball,806,319,998,503
frame7400.jpg,1280,720,Ball,215,383,655,695
frame7404.jpg,1280,720,Ball,210,506,668,686
frame7408.jpg,1280,720,Ball,223,364,685,718
frame7412.jpg,1280,720,Ball,255,364,722,720
frame7416.jpg,1280,720,Ball,279,368,761,720
frame7420.jpg,1280,720,Ball,304,403,805,720
frame7424.jpg,1280,720,Ball,324,421,829,720
frame7428.jpg,1280,720,Ball,351,440,873,720
frame7432.jpg,1280,720,Ball,380,450,917,720
frame7436.jpg,1280,720,Ball,415,468,953,720
frame744.jpg,1280,720,Ball,819,312,1007,492
frame7440.jpg,1280,720,Ball,453,464,1019,720
frame7444.jpg,1280,720,Ball,511,445,1096,720
frame7448.jpg,1280,720,Ball,534,420,1172,720
frame7452.jpg,1280,720,Ball,580,383,1232,720
frame7456.jpg,1280,720,Ball,605,351,1267,720
frame7460.jpg,1280,720,Ball,631,306,1253,720
frame7464.jpg,1280,720,Ball,649,253,1280,714
frame7468.jpg,1280,720,Ball,653,207,1280,710
frame7472.jpg,1280,720,Ball,653,155,1279,720
frame7476.jpg,1280,720,Ball,651,102,1276,720
frame748.jpg,1280,720,Ball,825,304,1019,483
frame7480.jpg,1280,720,Ball,645,86,1279,720
frame7484.jpg,1280,720,Ball,634,61,1280,708
frame7488.jpg,1280,720,Ball,611,63,1270,702
frame7492.jpg,1280,720,Ball,583,68,1227,693
frame7496.jpg,1280,720,Ball,556,83,1165,685
frame7500.jpg,1280,720,Ball,540,102,1121,687
frame7504.jpg,1280,720,Ball,526,131,1077,693
frame7508.jpg,1280,720,Ball,512,158,1049,699
frame7512.jpg,1280,720,Ball,506,183,1024,700
frame7516.jpg,1280,720,Ball,505,207,988,701
frame752.jpg,1280,720,Ball,830,295,1015,476
frame7520.jpg,1280,720,Ball,499,221,978,689
frame7520.jpg,1280,720,Ball,595,648,785,720
frame7524.jpg,1280,720,Ball,502,218,966,680
frame7524.jpg,1280,720,Ball,579,628,764,720
frame7528.jpg,1280,720,Ball,521,221,955,664
frame7528.jpg,1280,720,Ball,557,616,753,720
frame7532.jpg,1280,720,Ball,541,243,947,655
frame7532.jpg,1280,720,Ball,539,588,736,720
frame7536.jpg,1280,720,Ball,548,269,927,659
frame7536.jpg,1280,720,Ball,519,571,711,720
frame7540.jpg,1280,720,Ball,563,313,913,651
frame7540.jpg,1280,720,Ball,496,555,685,720
frame7544.jpg,1280,720,Ball,572,355,872,691
frame7544.jpg,1280,720,Ball,468,550,667,720
frame7548.jpg,1280,720,Ball,574,407,864,707
frame7548.jpg,1280,720,Ball,441,558,638,720
frame7552.jpg,1280,720,Ball,587,463,834,720
frame7552.jpg,1280,720,Ball,402,559,602,720
frame7556.jpg,1280,720,Ball,391,561,591,720
frame7556.jpg,1280,720,Ball,592,508,842,712
frame756.jpg,1280,720,Ball,834,283,1023,469
frame7560.jpg,1280,720,Ball,373,571,564,720
frame7560.jpg,1280,720,Ball,582,528,795,720
frame7564.jpg,1280,720,Ball,353,571,549,720
frame7564.jpg,1280,720,Ball,558,508,794,720
frame7568.jpg,1280,720,Ball,336,577,536,720
frame7568.jpg,1280,720,Ball,543,489,782,720
frame7572.jpg,1280,720,Ball,323,577,528,720
frame7572.jpg,1280,720,Ball,526,480,785,720
frame7576.jpg,1280,720,Ball,314,585,517,720
frame7576.jpg,1280,720,Ball,521,475,782,719
frame7580.jpg,1280,720,Ball,301,588,506,720
frame7580.jpg,1280,720,Ball,518,474,790,720
frame7584.jpg,1280,720,Ball,299,587,506,720
frame7584.jpg,1280,720,Ball,515,474,796,720
frame7588.jpg,1280,720,Ball,292,582,503,720
frame7588.jpg,1280,720,Ball,524,480,805,720
frame7592.jpg,1280,720,Ball,293,567,502,720
frame7592.jpg,1280,720,Ball,528,488,803,720
frame7596.jpg,1280,720,Ball,296,545,505,720
frame7596.jpg,1280,720,Ball,535,486,810,720
frame76.jpg,1280,720,Ball,280,93,343,159
frame760.jpg,1280,720,Ball,833,281,1027,464
frame7600.jpg,1280,720,Ball,296,514,496,716
frame7600.jpg,1280,720,Ball,553,483,817,720
frame7604.jpg,1280,720,Ball,302,485,506,688
frame7604.jpg,1280,720,Ball,565,485,823,720
frame7608.jpg,1280,720,Ball,301,450,511,660
frame7608.jpg,1280,720,Ball,587,483,830,720
frame7612.jpg,1280,720,Ball,311,423,515,625
frame7612.jpg,1280,720,Ball,606,490,834,717
frame7616.jpg,1280,720,Ball,315,393,525,590
frame7616.jpg,1280,720,Ball,612,498,838,719
frame7620.jpg,1280,720,Ball,324,365,524,560
frame7620.jpg,1280,720,Ball,619,511,845,720
frame7624.jpg,1280,720,Ball,324,337,526,538
frame7624.jpg,1280,720,Ball,616,521,845,720
frame7628.jpg,1280,720,Ball,329,311,529,515
frame7628.jpg,1280,720,Ball,610,541,853,720
frame7632.jpg,1280,720,Ball,330,288,525,487
frame7632.jpg,1280,720,Ball,615,515,856,720
frame7636.jpg,1280,720,Ball,317,274,524,481
frame7636.jpg,1280,720,Ball,629,495,872,719
frame764.jpg,1280,720,Ball,835,274,1025,461
frame7640.jpg,1280,720,Ball,319,262,527,467
frame7640.jpg,1280,720,Ball,654,473,865,708
frame7644.jpg,1280,720,Ball,311,252,519,459
frame7644.jpg,1280,720,Ball,658,455,890,690
frame7648.jpg,1280,720,Ball,302,244,511,454
frame7648.jpg,1280,720,Ball,639,444,866,676
frame7652.jpg,1280,720,Ball,296,231,503,431
frame7652.jpg,1280,720,Ball,620,426,863,667
frame7656.jpg,1280,720,Ball,284,209,499,426
frame7656.jpg,1280,720,Ball,615,411,840,646
frame7660.jpg,1280,720,Ball,285,197,502,401
frame7660.jpg,1280,720,Ball,592,400,826,626
frame7664.jpg,1280,720,Ball,285,182,496,389
frame7664.jpg,1280,720,Ball,592,388,814,616
frame7668.jpg,1280,720,Ball,277,167,492,372
frame7668.jpg,1280,720,Ball,574,381,805,612
frame7672.jpg,1280,720,Ball,277,154,477,371
frame7672.jpg,1280,720,Ball,559,378,795,611
frame7676.jpg,1280,720,Ball,274,150,489,353
frame7676.jpg,1280,720,Ball,554,381,780,622
frame768.jpg,1280,720,Ball,833,269,1023,453
frame7680.jpg,1280,720,Ball,267,143,493,358
frame7680.jpg,1280,720,Ball,555,384,779,614
frame7684.jpg,1280,720,Ball,266,140,486,359
frame7684.jpg,1280,720,Ball,558,375,787,602
frame7688.jpg,1280,720,Ball,265,140,482,351
frame7688.jpg,1280,720,Ball,567,372,796,601
frame7692.jpg,1280,720,Ball,261,140,490,355
frame7692.jpg,1280,720,Ball,575,375,802,604
frame7696.jpg,1280,720,Ball,268,143,484,363
frame7696.jpg,1280,720,Ball,583,381,804,612
frame7700.jpg,1280,720,Ball,272,145,482,363
frame7700.jpg,1280,720,Ball,600,388,817,621
frame7704.jpg,1280,720,Ball,268,150,489,362
frame7704.jpg,1280,720,Ball,600,383,826,611
frame7708.jpg,1280,720,Ball,268,156,488,367
frame7708.jpg,1280,720,Ball,606,388,830,610
frame7712.jpg,1280,720,Ball,288,162,487,374
frame7712.jpg,1280,720,Ball,616,392,840,609
frame7716.jpg,1280,720,Ball,296,162,487,373
frame7716.jpg,1280,720,Ball,625,392,844,611
frame772.jpg,1280,720,Ball,841,259,1030,448
frame7720.jpg,1280,720,Ball,285,264,496,378
frame7720.jpg,1280,720,Ball,627,391,848,612
frame7724.jpg,1280,720,Ball,282,275,490,373
frame7724.jpg,1280,720,Ball,630,389,860,607
frame7728.jpg,1280,720,Ball,292,271,495,373
frame7728.jpg,1280,720,Ball,630,386,856,602
frame7732.jpg,1280,720,Ball,302,265,495,374
frame7732.jpg,1280,720,Ball,633,382,854,607
frame7736.jpg,1280,720,Ball,301,262,497,373
frame7736.jpg,1280,720,Ball,638,378,854,599
frame7740.jpg,1280,720,Ball,637,378,856,601
frame7744.jpg,1280,720,Ball,635,378,861,597
frame7748.jpg,1280,720,Ball,631,374,859,594
frame7752.jpg,1280,720,Ball,636,374,858,592
frame7756.jpg,1280,720,Ball,632,374,858,591
frame776.jpg,1280,720,Ball,830,262,1029,446
frame7760.jpg,1280,720,Ball,633,372,852,593
frame7764.jpg,1280,720,Ball,279,155,486,250
frame7764.jpg,1280,720,Ball,629,368,846,590
frame7768.jpg,1280,720,Ball,287,153,490,256
frame7768.jpg,1280,720,Ball,625,369,848,588
frame7772.jpg,1280,720,Ball,277,155,489,261
frame7772.jpg,1280,720,Ball,620,369,844,588
frame7776.jpg,1280,720,Ball,277,158,477,262
frame7776.jpg,1280,720,Ball,617,370,842,591
frame7780.jpg,1280,720,Ball,277,163,476,267
frame7780.jpg,1280,720,Ball,619,374,838,593
frame7784.jpg,1280,720,Ball,258,164,478,276
frame7784.jpg,1280,720,Ball,612,373,834,594
frame7788.jpg,1280,720,Ball,267,160,478,274
frame7788.jpg,1280,720,Ball,617,374,832,594
frame7792.jpg,1280,720,Ball,273,164,479,275
frame7792.jpg,1280,720,Ball,612,378,834,597
frame7796.jpg,1280,720,Ball,612,382,830,601
frame7796.jpg,1280,720,Ball,264,170,477,288
frame780.jpg,1280,720,Ball,831,261,1024,447
frame7800.jpg,1280,720,Ball,266,172,478,285
frame7800.jpg,1280,720,Ball,603,380,834,600
frame7804.jpg,1280,720,Ball,268,171,469,277
frame7804.jpg,1280,720,Ball,603,385,825,607
frame7808.jpg,1280,720,Ball,601,395,819,607
frame7808.jpg,1280,720,Ball,271,182,466,274
frame7812.jpg,1280,720,Ball,598,399,812,617
frame7816.jpg,1280,720,Ball,593,407,811,617
frame7820.jpg,1280,720,Ball,587,410,806,626
frame7820.jpg,1280,720,Ball,267,207,445,284
frame7824.jpg,1280,720,Ball,584,417,800,633
frame7824.jpg,1280,720,Ball,262,205,444,290
frame7828.jpg,1280,720,Ball,577,423,801,643
frame7828.jpg,1280,720,Ball,256,210,447,304
frame7832.jpg,1280,720,Ball,263,218,451,318
frame7832.jpg,1280,720,Ball,578,429,794,650
frame7836.jpg,1280,720,Ball,579,427,790,644
frame7836.jpg,1280,720,Ball,270,220,452,350
frame784.jpg,1280,720,Ball,824,265,1019,454
frame7840.jpg,1280,720,Ball,575,428,787,649
frame7840.jpg,1280,720,Ball,264,226,425,364
frame7844.jpg,1280,720,Ball,263,217,409,383
frame7844.jpg,1280,720,Ball,573,437,786,648
frame7848.jpg,1280,720,Ball,572,442,782,650
frame7852.jpg,1280,720,Ball,571,445,782,657
frame7856.jpg,1280,720,Ball,566,446,777,664
frame7860.jpg,1280,720,Ball,570,446,772,656
frame7864.jpg,1280,720,Ball,573,450,777,665
frame7868.jpg,1280,720,Ball,570,450,775,664
frame7872.jpg,1280,720,Ball,576,453,777,663
frame7876.jpg,1280,720,Ball,568,450,774,667
frame788.jpg,1280,720,Ball,812,276,1008,463
frame7880.jpg,1280,720,Ball,558,448,777,668
frame7880.jpg,1280,720,Ball,258,236,443,424
frame7884.jpg,1280,720,Ball,563,448,778,665
frame7884.jpg,1280,720,Ball,254,239,448,433
frame7888.jpg,1280,720,Ball,257,249,455,428
frame7888.jpg,1280,720,Ball,562,455,776,665
frame7892.jpg,1280,720,Ball,258,250,455,433
frame7892.jpg,1280,720,Ball,568,455,771,670
frame7896.jpg,1280,720,Ball,257,245,458,429
frame7896.jpg,1280,720,Ball,563,454,777,670
frame7900.jpg,1280,720,Ball,257,251,462,431
frame7900.jpg,1280,720,Ball,565,463,774,671
frame7904.jpg,1280,720,Ball,254,247,466,438
frame7904.jpg,1280,720,Ball,561,464,781,678
frame7908.jpg,1280,720,Ball,246,246,461,440
frame7908.jpg,1280,720,Ball,571,470,780,690
frame7912.jpg,1280,720,Ball,248,247,463,446
frame7912.jpg,1280,720,Ball,563,478,781,698
frame7916.jpg,1280,720,Ball,247,254,460,455
frame7916.jpg,1280,720,Ball,560,477,777,703
frame792.jpg,1280,720,Ball,799,291,993,480
frame7920.jpg,1280,720,Ball,243,256,455,464
frame7920.jpg,1280,720,Ball,562,484,777,705
frame7924.jpg,1280,720,Ball,242,259,448,465
frame7924.jpg,1280,720,Ball,554,488,777,720
frame7928.jpg,1280,720,Ball,235,266,449,472
frame7928.jpg,1280,720,Ball,551,499,772,720
frame7932.jpg,1280,720,Ball,234,265,450,475
frame7932.jpg,1280,720,Ball,553,499,774,720
frame7936.jpg,1280,720,Ball,234,269,445,474
frame7936.jpg,1280,720,Ball,549,504,772,720
frame7940.jpg,1280,720,Ball,233,272,446,474
frame7940.jpg,1280,720,Ball,550,502,768,717
frame7944.jpg,1280,720,Ball,226,263,446,470
frame7944.jpg,1280,720,Ball,550,503,770,720
frame7948.jpg,1280,720,Ball,242,254,442,459
frame7948.jpg,1280,720,Ball,552,492,771,717
frame7952.jpg,1280,720,Ball,239,240,445,452
frame7952.jpg,1280,720,Ball,549,488,771,702
frame7956.jpg,1280,720,Ball,225,225,449,435
frame7956.jpg,1280,720,Ball,547,473,769,698
frame796.jpg,1280,720,Ball,781,307,977,495
frame7960.jpg,1280,720,Ball,234,202,452,413
frame7960.jpg,1280,720,Ball,540,456,765,682
frame7964.jpg,1280,720,Ball,239,175,459,385
frame7964.jpg,1280,720,Ball,544,441,763,661
frame7968.jpg,1280,720,Ball,239,151,466,361
frame7968.jpg,1280,720,Ball,535,431,753,653
frame7972.jpg,1280,720,Ball,243,116,473,337
frame7972.jpg,1280,720,Ball,529,413,751,639
frame7976.jpg,1280,720,Ball,254,100,481,313
frame7976.jpg,1280,720,Ball,522,404,747,631
frame7980.jpg,1280,720,Ball,264,74,490,297
frame7980.jpg,1280,720,Ball,521,399,742,621
frame7984.jpg,1280,720,Ball,516,384,739,607
frame7984.jpg,1280,720,Ball,273,45,511,266
frame7988.jpg,1280,720,Ball,296,25,520,250
frame7988.jpg,1280,720,Ball,508,379,734,602
frame7992.jpg,1280,720,Ball,306,13,530,237
frame7992.jpg,1280,720,Ball,506,374,732,598
frame7996.jpg,1280,720,Ball,330,1,555,214
frame7996.jpg,1280,720,Ball,511,363,741,592
frame8.jpg,1280,720,Ball,258,112,323,179
frame8.jpg,1280,720,Ball,930,276,987,302
frame80.jpg,1280,720,Ball,281,92,352,156
frame800.jpg,1280,720,Ball,769,327,956,517
frame8000.jpg,1280,720,Ball,338,1,563,207
frame8000.jpg,1280,720,Ball,509,367,734,595
frame8004.jpg,1280,720,Ball,344,1,569,204
frame8004.jpg,1280,720,Ball,504,368,734,600
frame8008.jpg,1280,720,Ball,491,369,724,603
frame8008.jpg,1280,720,Ball,351,1,573,195
frame8012.jpg,1280,720,Ball,477,374,725,613
frame8012.jpg,1280,720,Ball,334,1,576,193
frame8016.jpg,1280,720,Ball,338,1,577,185
frame8016.jpg,1280,720,Ball,463,377,715,631
frame8020.jpg,1280,720,Ball,449,378,709,645
frame8020.jpg,1280,720,Ball,324,1,576,178
frame8024.jpg,1280,720,Ball,328,1,573,177
frame8024.jpg,1280,720,Ball,434,387,702,665
frame8028.jpg,1280,720,Ball,407,409,697,701
frame8028.jpg,1280,720,Ball,303,1,566,183
frame8032.jpg,1280,720,Ball,277,1,557,195
frame8032.jpg,1280,720,Ball,384,427,697,718
frame8036.jpg,1280,720,Ball,361,467,689,719
frame8036.jpg,1280,720,Ball,260,1,563,215
frame804.jpg,1280,720,Ball,752,346,942,536
frame8040.jpg,1280,720,Ball,352,475,690,720
frame8040.jpg,1280,720,Ball,246,1,562,215
frame8044.jpg,1280,720,Ball,311,470,679,719
frame8048.jpg,1280,720,Ball,287,483,681,720
frame8052.jpg,1280,720,Ball,258,484,666,720
frame8056.jpg,1280,720,Ball,229,480,663,719
frame8060.jpg,1280,720,Ball,201,474,646,720
frame8064.jpg,1280,720,Ball,157,468,630,720
frame8068.jpg,1280,720,Ball,126,460,608,720
frame8072.jpg,1280,720,Ball,95,462,594,720
frame8076.jpg,1280,720,Ball,68,456,587,720
frame808.jpg,1280,720,Ball,735,368,924,552
frame8080.jpg,1280,720,Ball,50,450,583,720
frame8084.jpg,1280,720,Ball,25,436,572,720
frame8088.jpg,1280,720,Ball,13,407,572,717
frame8092.jpg,1280,720,Ball,15,376,570,720
frame8096.jpg,1280,720,Ball,14,349,582,720
frame8100.jpg,1280,720,Ball,9,321,583,720
frame8104.jpg,1280,720,Ball,2,298,591,720
frame8108.jpg,1280,720,Ball,5,279,586,720
frame8112.jpg,1280,720,Ball,11,266,589,717
frame8116.jpg,1280,720,Ball,9,260,591,720
frame812.jpg,1280,720,Ball,715,393,903,587
frame8120.jpg,1280,720,Ball,10,255,588,720
frame8124.jpg,1280,720,Ball,18,252,604,720
frame8128.jpg,1280,720,Ball,37,255,606,720
frame8132.jpg,1280,720,Ball,56,257,613,720
frame8136.jpg,1280,720,Ball,70,264,622,720
frame8140.jpg,1280,720,Ball,92,273,619,720
frame8144.jpg,1280,720,Ball,107,278,627,720
frame8148.jpg,1280,720,Ball,143,278,603,716
frame8152.jpg,1280,720,Ball,179,272,575,720
frame8156.jpg,1280,720,Ball,189,271,520,708
frame816.jpg,1280,720,Ball,702,412,887,600
frame8160.jpg,1280,720,Ball,227,274,425,660
frame8172.jpg,1280,720,Ball,327,307,633,584
frame8176.jpg,1280,720,Ball,306,321,655,688
frame8180.jpg,1280,720,Ball,320,330,666,688
frame8184.jpg,1280,720,Ball,329,329,689,681
frame8188.jpg,1280,720,Ball,344,322,706,689
frame8192.jpg,1280,720,Ball,348,326,712,695
frame8196.jpg,1280,720,Ball,341,330,713,687
frame820.jpg,1280,720,Ball,700,421,887,614
frame8200.jpg,1280,720,Ball,337,321,712,684
frame8204.jpg,1280,720,Ball,334,321,705,684
frame8208.jpg,1280,720,Ball,319,311,697,684
frame8212.jpg,1280,720,Ball,316,331,679,686
frame8216.jpg,1280,720,Ball,295,320,673,688
frame8220.jpg,1280,720,Ball,274,302,657,689
frame8224.jpg,1280,720,Ball,251,307,650,697
frame8228.jpg,1280,720,Ball,225,311,645,709
frame8232.jpg,1280,720,Ball,204,315,619,720
frame8236.jpg,1280,720,Ball,175,329,597,717
frame824.jpg,1280,720,Ball,694,432,881,626
frame8240.jpg,1280,720,Ball,155,336,585,714
frame8244.jpg,1280,720,Ball,108,338,569,712
frame8248.jpg,1280,720,Ball,80,363,548,717
frame8252.jpg,1280,720,Ball,58,366,534,719
frame8256.jpg,1280,720,Ball,19,385,515,719
frame8260.jpg,1280,720,Ball,1,400,499,718
frame8264.jpg,1280,720,Ball,1,407,479,717
frame8268.jpg,1280,720,Ball,1,426,466,719
frame8272.jpg,1280,720,Ball,1,408,444,717
frame8276.jpg,1280,720,Ball,1,419,427,719
frame828.jpg,1280,720,Ball,687,444,874,633
frame8280.jpg,1280,720,Ball,1,443,402,717
frame8284.jpg,1280,720,Ball,1,431,389,717
frame8288.jpg,1280,720,Ball,1,450,381,718
frame8292.jpg,1280,720,Ball,1,459,372,716
frame8308.jpg,1280,720,Ball,270,560,358,719
frame8312.jpg,1280,720,Ball,207,501,362,718
frame8316.jpg,1280,720,Ball,117,462,368,718
frame832.jpg,1280,720,Ball,682,456,870,645
frame8320.jpg,1280,720,Ball,22,434,373,719
frame8324.jpg,1280,720,Ball,1,428,377,720
frame8328.jpg,1280,720,Ball,1,429,382,718
frame8332.jpg,1280,720,Ball,2,433,394,720
frame8336.jpg,1280,720,Ball,1,436,404,720
frame8340.jpg,1280,720,Ball,1,439,412,718
frame8344.jpg,1280,720,Ball,1,442,422,719
frame8348.jpg,1280,720,Ball,1,444,428,720
frame8352.jpg,1280,720,Ball,1,443,434,719
frame8356.jpg,1280,720,Ball,2,448,439,720
frame836.jpg,1280,720,Ball,678,462,869,658
frame8360.jpg,1280,720,Ball,2,449,443,720
frame8364.jpg,1280,720,Ball,1,454,445,720
frame8368.jpg,1280,720,Ball,2,457,443,720
frame8372.jpg,1280,720,Ball,1,452,442,717
frame8376.jpg,1280,720,Ball,1,453,444,719
frame8380.jpg,1280,720,Ball,3,449,447,720
frame8384.jpg,1280,720,Ball,1,451,451,717
frame8388.jpg,1280,720,Ball,3,452,449,720
frame8392.jpg,1280,720,Ball,3,459,455,720
frame8396.jpg,1280,720,Ball,1,471,461,718
frame84.jpg,1280,720,Ball,289,90,353,151
frame84.jpg,1280,720,Ball,965,260,1034,293
frame840.jpg,1280,720,Ball,674,474,865,668
frame8400.jpg,1280,720,Ball,3,486,468,720
frame8404.jpg,1280,720,Ball,1,507,480,720
frame8408.jpg,1280,720,Ball,1,525,494,718
frame8412.jpg,1280,720,Ball,49,545,514,720
frame8416.jpg,1280,720,Ball,82,562,543,720
frame8420.jpg,1280,720,Ball,142,574,562,720
frame8424.jpg,1280,720,Ball,184,594,599,720
frame8428.jpg,1280,720,Ball,248,613,611,718
frame8432.jpg,1280,720,Ball,305,636,642,720
frame8436.jpg,1280,720,Ball,380,669,652,720
frame844.jpg,1280,720,Ball,675,478,872,672
frame848.jpg,1280,720,Ball,673,479,872,678
frame852.jpg,1280,720,Ball,668,488,863,690
frame856.jpg,1280,720,Ball,671,497,866,697
frame860.jpg,1280,720,Ball,662,500,859,702
frame864.jpg,1280,720,Ball,654,507,850,707
frame868.jpg,1280,720,Ball,643,503,840,709
frame872.jpg,1280,720,Ball,636,508,835,711
frame876.jpg,1280,720,Ball,623,504,827,711
frame88.jpg,1280,720,Ball,293,88,354,153
frame88.jpg,1280,720,Ball,970,250,1043,292
frame880.jpg,1280,720,Ball,614,498,814,705
frame884.jpg,1280,720,Ball,606,493,803,697
frame888.jpg,1280,720,Ball,594,493,788,697
frame892.jpg,1280,720,Ball,577,486,784,698
frame896.jpg,1280,720,Ball,573,488,777,702
frame900.jpg,1280,720,Ball,565,493,773,712
frame904.jpg,1280,720,Ball,562,504,768,718
frame908.jpg,1280,720,Ball,553,514,764,720
frame912.jpg,1280,720,Ball,552,528,765,717
frame916.jpg,1280,720,Ball,556,537,765,720
frame92.jpg,1280,720,Ball,295,83,359,149
frame920.jpg,1280,720,Ball,561,545,768,720
frame924.jpg,1280,720,Ball,562,555,767,719
frame928.jpg,1280,720,Ball,565,564,769,719
frame932.jpg,1280,720,Ball,569,571,773,719
frame936.jpg,1280,720,Ball,573,581,778,720
frame940.jpg,1280,720,Ball,576,586,781,720
frame944.jpg,1280,720,Ball,580,593,785,720
frame948.jpg,1280,720,Ball,583,600,789,720
frame952.jpg,1280,720,Ball,587,607,794,719
frame956.jpg,1280,720,Ball,591,622,795,720
frame96.jpg,1280,720,Ball,300,81,364,147
frame960.jpg,1280,720,Ball,600,628,801,720
frame964.jpg,1280,720,Ball,615,628,821,720
frame968.jpg,1280,720,Ball,627,636,830,718
frame972.jpg,1280,720,Ball,638,643,838,720
frame976.jpg,1280,720,Ball,650,650,846,720
frame980.jpg,1280,720,Ball,656,664,839,720
frame984.jpg,1280,720,Ball,663,682,826,719
frame988.jpg,1280,720,Ball,680,700,798,720
